{
  "load_data_seconds": 3.5703376660000004,
  "training_seconds": 14.599292041000012,
  "best_iteration": 0,
  "auc_roc": 0.8772748512742182,
  "accuracy": 0.8973701766089673,
  "f1_score": 0.02793481875623545,
  "precision": 0.014198782961460446,
  "recall": 0.8571428571428571,
  "inference_latency_1row_ms": 1.2577676600000132,
  "inference_throughput_rows_per_sec_1000batch": 144626.12630186518
}